{"detections": [{"det_bbox": [0.6895732879638672, 0.23935234546661377, 0.8362952470779419, 0.6087061762809753], "confidence": 0.9974084496498108, "label": "human", "classid": 1, "scan": "global"}, {"det_bbox": [0.01334315538406372, 0.28961503505706787, 1.0, 0.9064196348190308], "confidence": 0.9994155168533325, "label": "vehicle", "classid": 3, "scan": "global", "multiclass": {"military": 0.9945032911813003, "btr-80": 0.9693264809707036}}]}