{"detections": [{"det_bbox": [0.29132336378097534, 0.36984163522720337, 0.9236689209938049, 0.8237417340278625], "confidence": 0.9998202919960022, "label": "vehicle", "classid": 3, "scan": "global", "multiclass": {"military": 0.9999519645121467, "btr-80": 0.9996580565246744}}, {"det_bbox": [0.04002918303012848, 0.08290262520313263, 0.46295255422592163, 0.5200662016868591], "confidence": 0.9987151622772217, "label": "vehicle", "classid": 3, "scan": "global", "multiclass": {"military": 0.9998660960507311, "btr-80": 0.9933897068641891}}]}