{"detections": [{"det_bbox": [0.08447784185409546, 0.3002166748046875, 0.9417980313301086, 0.8666661977767944], "confidence": 0.9994656443595886, "label": "vehicle", "classid": 3, "scan": "global", "multiclass": {"military": 0.8703858029349604, "t-72m2": 0.781829760523968}}]}