{"detections": [{"det_bbox": [0.12446349859237671, 0.327364444732666, 0.9832075238227844, 0.904400110244751], "confidence": 0.9982084035873413, "label": "vehicle", "classid": 3, "scan": "global", "multiclass": {"military": 0.98820593482795, "t-72m2": 0.9854741507384867}}]}