{"detections": [{"det_bbox": [0.19276738166809082, 0.24514171481132507, 0.8903311491012573, 0.9002153873443604], "confidence": 0.9997099041938782, "label": "vehicle", "classid": 3, "scan": "global", "multiclass": {"military": 0.9998426390765128, "t-72m2": 0.9996755090821583}}]}