{"detections": [{"det_bbox": [0.04012247920036316, 0.39825689792633057, 0.9010521173477173, 0.8150227069854736], "confidence": 0.9989025592803955, "label": "vehicle", "classid": 3, "scan": "global", "multiclass": {"military": 0.9997100711561139, "btr-80": 0.9995028042915739}}]}