{"detections": [{"det_bbox": [0.291105180978775, 0.2880440950393677, 0.6301418542861938, 0.6111714839935303], "confidence": 0.9902783036231995, "label": "vehicle", "classid": 3, "scan": "global", "multiclass": {"military": 0.7528139868217575}}]}