{"detections": [{"det_bbox": [0.11345317959785461, 0.44036680459976196, 0.8132190704345703, 0.9086899161338806], "confidence": 0.9946255087852478, "label": "vehicle", "classid": 3, "scan": "global", "multiclass": {"military": 0.761295276641943}}]}