{"detections": [{"det_bbox": [0.05296257138252258, 0.34846973419189453, 0.9817955493927002, 0.9314806461334229], "confidence": 0.9981024861335754, "label": "vehicle", "classid": 3, "scan": "global", "multiclass": {"military": 0.9972849009126056, "t-72m2": 0.8930965308122927}}, {"det_bbox": [0.3765895366668701, 0.23806200921535492, 0.6816915273666382, 0.476878821849823], "confidence": 0.8172680139541626, "label": "vehicle", "classid": 3, "scan": "global", "multiclass": {"civilian": 0.830405835131681}}]}