{"detections": [{"det_bbox": [0.27568763494491577, 0.19400209188461304, 0.836903989315033, 0.4774428606033325], "confidence": 0.9986794590950012, "label": "vehicle", "classid": 3, "scan": "global", "multiclass": {"military": 0.9988794631081952, "btr-80": 0.9007824259303446}}]}